zone_id,temperature,humidity,rainfall,leaf_wetness,wind_speed,night_temperature,crop,disease
1,24.523585398772155,79.73115604351216,1.4278401154466323,53.876370178162944,10.942933441120655,20.430965469183874,Tomato,1
2,17.80007946879752,63.336916689665244,6.810508345912492,29.335231401892855,2.5669464205648422,15.652235549498505,Grape,1
3,26.752255979032284,91.11670825411858,2.879913461883785,43.171755693992985,4.636203445318168,20.298374226160405,Olive,1
4,27.702823581956068,62.5861869534462,2.7174452415572574,44.914182093039344,9.091823019453555,22.441223253664027,Olive,1
5,13.244824056730819,62.450770753466465,20.064856017295995,31.97713745136528,7.600661678018199,7.791078329337972,Tomato,1
6,16.48910246568841,80.11697416206798,9.280758316151923,51.6978935902827,10.28743673054684,10.107901107952575,Olive,1
7,23.639202015836428,83.44389723505405,4.3138193346048315,32.85428496456812,3.081970410561609,20.944794603528017,Tomato,1
8,21.41878703828209,78.72149045904305,0.15677381573332896,36.36986869598129,9.428514705085284,17.673293656252667,Grape,1
9,22.915994212478555,46.71604023922788,0.7549696515813618,19.68524144971544,12.366334477509888,19.25889387545414,Olive,0
10,18.7347803621321,80.07051659892376,1.65227401476017,29.689458875713996,9.947274188597135,17.316273435963335,Tomato,0
11,27.396989874314144,56.485379224884014,4.82986648384368,21.41749841700655,8.556446959046367,23.924170174630632,Tomato,0
12,26.88895967714474,75.52914167382396,6.766609878962321,41.61271657042067,7.616465589736117,20.216200761391093,Tomato,1
13,23.33015348780608,50.643983469014096,2.2595262208576203,32.561728163043895,4.660595388913993,18.855477280218384,Grape,0
14,28.636206034840164,78.69483221314596,8.386627177655084,41.08408661253172,7.712005630240846,27.32832869053014,Olive,1
15,25.337546711260227,59.90101643538941,7.495253395825109,33.51256538245105,13.038823411521623,24.4492255345901,Tomato,0
16,18.70353768558381,52.76048024609217,3.1593155679805083,30.839061095454262,7.523885973599499,11.373985568087267,Tomato,0
17,24.843753920412496,82.707302047236,1.6731515171949762,30.783856950908508,4.44078404260636,21.024391940922754,Grape,1
18,18.205586995855008,75.62466782515126,0.34476104000610036,40.22444942062633,6.031011644938455,15.500407407258242,Tomato,1
19,27.39225150653636,62.79034797910654,6.376448878077134,39.911560469537626,8.80340118910372,23.940235036330368,Grape,0
20,22.750370445068736,93.76768273531596,5.103672981768138,67.10740600630997,6.505944011276612,21.7049859537034,Olive,1
21,22.075688182273698,65.39021367645387,7.796735059673562,32.654150677666436,9.941213132252562,15.229497883250458,Grape,0
22,19.595352277980293,72.48161510956402,11.755625450756986,38.35657274656438,10.091375042996122,16.38145815315235,Olive,0
23,29.11270669337015,76.033701715179,14.765677581381507,52.17943480952572,11.555932721618593,22.377903637893304,Grape,1
24,22.22735258965599,62.705010988070796,10.23671428052104,42.95945972034579,13.694237889060132,18.12404916076136,Olive,0
25,20.858360889184464,79.06704440099894,3.5675938761306565,34.15354785434035,11.983434897489444,13.999296940047584,Tomato,0
26,21.239332247558853,63.99821479252913,4.364533264520646,29.065521852814236,4.2630437434081605,16.72594324947268,Tomato,0
27,25.661545927766745,65.82542516675686,9.75989773127159,41.75840621580218,4.385862213694911,19.955080602028595,Grape,0
28,24.82722032182039,92.43963959705012,2.505086673254101,36.98123323139854,7.696914094160702,19.38903422964372,Tomato,0
29,25.06366305797994,56.391209212313505,2.683912428637559,24.238902184331007,6.195298571042342,19.817080925476,Olive,0
30,25.154105015039413,35.80829503605765,8.63943134178309,23.742019978599895,3.446693092156229,20.45823606067399,Grape,0
31,33.70823800435231,96.16405492517842,15.217127442388541,63.41503614881919,6.233232823308023,30.17393943658348,Olive,1
32,20.96792491807692,100.0,9.954981130401121,48.12719597488457,6.101948265523844,13.1370555349312,Tomato,1
33,20.438786354642314,65.92096101826002,8.758669566695048,21.93229241532767,5.312609040955177,18.252660324834117,Grape,1
34,18.93113635876061,42.94742939069722,4.810505049861649,7.841967525557385,6.736842055379977,14.922521074074291,Grape,0
35,26.07989711287748,67.34274035706085,2.4106593473040085,22.15745610487152,12.713803401273324,22.05012536246229,Tomato,1
36,28.644861463604457,67.70665575238996,7.964890469632145,26.334565718681706,8.796952164996958,23.839979956917414,Grape,1
37,22.430262711725625,69.15114238466614,13.627388232807128,40.7830385903862,17.88723630422188,19.289208003514627,Grape,1
38,18.79921761518736,55.29917937117227,3.683892336524803,18.320703357466527,8.682032744078597,14.169725004008184,Olive,0
39,18.877593921543802,80.69341713714716,2.952811273277253,33.05224705176839,6.839736904250993,15.215279091949736,Grape,0
40,26.252963939123504,79.86761062929129,3.0183127327036887,32.16238788948763,8.016531530619464,25.416868973999303,Tomato,0
41,26.71627085601721,49.5839157027104,6.5450137582467365,24.024710186033122,9.02596791377416,22.697166283503517,Grape,0
42,25.715771341525976,82.48795097542332,11.193952645343623,56.65477470740037,9.741015828684255,23.91690200758628,Grape,1
43,19.672451463556527,100.0,0.5528250409408935,50.737840748196845,16.306845303436095,19.14122298845433,Tomato,1
44,24.1608066153336,74.5794049865559,5.237868754905834,37.880062570082856,4.618718140089726,19.887059973954827,Tomato,0
45,23.583429045703642,66.94012256897241,1.4213753949263674,27.571945227331977,11.436184232710943,18.60766236166451,Tomato,1
46,24.093442983645065,69.86995178388717,17.465769777812273,41.94823287201488,8.831002390456495,19.040046899435914,Tomato,1
47,27.35714388974095,81.22885150452842,5.6864915922928425,43.72414821048766,1.7156090297175295,22.222802475701563,Grape,1
48,24.11797774387341,46.03992591739173,3.622226585443093,28.289100517999074,11.082795128379054,23.983155785754633,Tomato,0
49,26.394567815359473,74.46586054465953,6.06568753522022,31.10124722446816,13.07049424321562,25.11660167117441,Grape,1
50,23.33789534744446,66.14304075805785,1.0435723423737087,30.891072259938852,4.571294384890281,15.390852473817116,Tomato,0
51,24.44559699344992,99.71737519434069,1.7234215374318538,29.99859951809458,7.964264528432118,22.540014513603992,Grape,1
52,26.1564411291927,69.38740899292563,5.210006900207425,37.08604984034725,1.0985829519691857,20.934759066919323,Tomato,1
53,15.714220900721667,97.0183141667928,8.524837597814999,56.57530538897825,2.964774161262654,13.08809614405336,Olive,1
54,21.401643918213495,55.443889533269896,0.23227797823800728,22.895023657514855,12.19211831046901,17.242298439678365,Tomato,0
55,20.648136728536024,80.80888750204188,11.456350024984703,60.061295365027455,6.134333975970262,17.914645133083212,Grape,1
56,19.80561075878329,76.79100395686844,3.7712078216376828,30.523010458412536,3.564788100247843,14.682528449543998,Tomato,0
57,21.624288743866583,58.96429128202826,8.808246245634383,35.32005139584631,8.917841457833719,17.350740509233184,Tomato,1
58,30.47470655617198,74.6609417195541,6.733359256616486,38.69751320576489,5.910350274275907,27.37128610346045,Grape,1
59,18.670844421533783,90.187782552474,16.016255320099255,52.59512506514544,6.116713368897855,16.771188660895202,Olive,1
60,27.841391772957405,67.14312443570098,6.60239962721773,34.58174835380165,10.957304102699613,23.305843377972383,Olive,1
61,14.585651141920977,46.62056026245355,11.172723017649984,30.77427077229986,3.3530665642626136,13.011088740006157,Tomato,0
62,21.325574850071124,71.73655760283832,3.12747792714769,41.56710321070499,4.378539149272671,16.470612765829447,Tomato,1
63,23.81376532552503,58.463653578112314,1.0610232303721312,38.1793525846462,8.616319968595475,14.560795507451228,Grape,0
64,25.93111165679639,66.86488592004176,9.76090820188342,37.87992326949227,11.877639162992821,19.230771554272366,Grape,1
65,26.556132898964275,70.77618345472318,1.0255818986066023,39.192276650883784,12.952641205959399,21.11943712517595,Tomato,1
66,26.966736175999625,46.41521675976724,8.459636258712157,22.040420978730722,5.339753118553508,23.13795077148192,Grape,1
67,21.256374638757812,47.765124910189826,1.8857210224419487,29.130526649348845,11.749507867678592,21.133879892764863,Grape,1
68,20.688241036677162,79.23100253288288,6.120722501986785,34.45459695077081,4.863430826118364,19.33281382847753,Grape,1
69,27.28987940628577,64.15921955745479,16.212886438774014,50.56723744057892,15.304837387627199,20.724293694080345,Tomato,1
70,22.043478375591924,33.52883487269149,8.005312879159682,39.177353015184835,3.4649158983210864,19.622990535841485,Tomato,0
71,16.62156838331039,83.77266054912202,4.216809725807542,40.09447392397981,13.313915243166925,14.020072579638484,Tomato,1
72,17.333563929982596,76.0855463291136,6.846596293482221,22.175424956427626,5.374055572725105,13.664864881350638,Grape,1
73,18.402738569991943,61.29187763945274,3.22489262382731,25.776675570856998,16.052985819178403,16.526831087685053,Tomato,1
74,25.48580372026882,52.24754683412638,20.342042720008553,49.64003132567815,10.365282915409937,23.939341189372094,Grape,1
75,23.712128680352826,84.53711844471506,2.6663160997976574,44.599370476161866,3.935933882367112,19.81307682591567,Grape,0
76,26.452426770338842,77.24025933840645,4.58908340557401,40.42069221614235,5.911046081829973,24.235485679682917,Grape,1
77,20.863736768317327,100.0,7.509123655244867,59.076645771834606,11.124724820894967,18.34577392787512,Tomato,1
78,23.792698455383572,78.30282898087405,6.493839047698144,44.30697179353921,12.210577670462246,21.355080507677584,Tomato,1
79,26.127951969836683,77.81554711893023,7.0315393527321834,50.38402918531344,7.7171376331021495,21.083231542167745,Grape,1
80,21.453267301398807,69.49608104837152,3.281921980153891,41.254163469066185,8.178633123853865,17.91751868238952,Grape,1
81,25.283876187787058,84.25163800801187,4.0794940669097945,53.35043597902885,11.033412130576263,21.641020123574766,Olive,0
82,19.690370294666742,81.3762780187223,9.454701532210485,47.05345500544346,8.52719370804328,14.496478500048976,Tomato,1
83,21.184730767174642,90.77587512847792,9.136681737287827,55.40056440959697,2.825980562646497,17.468809983640522,Olive,1
84,21.091310530008354,64.18015622044072,6.606611872440345,31.709343212464315,4.748103901439277,17.6478180669227,Tomato,1
85,17.020801772054803,65.46888790584056,12.112884673941554,34.33962080430945,8.940479772606661,12.079901060914462,Tomato,1
86,25.43486240392791,64.8134524363203,9.713340658151028,50.590867246216746,12.861929665990775,20.098466716812645,Tomato,1
87,20.65298829898638,83.86202581768484,8.947669267818462,46.62568444279445,14.46392969664819,16.947135298003587,Grape,0
88,23.062470593638437,94.47561660445098,1.003683691048601,49.756018951740856,11.118117683085801,18.901255042397395,Tomato,1
89,25.403733294529545,65.11739260276049,6.54889056291382,35.5318592368644,9.149163044145455,22.9673137539962,Tomato,0
90,25.23265588014972,65.62839408310363,5.71843128934975,29.415397161516715,10.995255543929908,22.954021966478773,Grape,1
91,26.326925544863933,76.71115835804699,13.154214388556166,45.131255912625285,5.332996599172578,20.788630540930317,Grape,1
92,22.507572577452883,68.31357749980648,4.389035100600079,45.7402900975347,7.387076158967143,17.61768845236364,Tomato,1
93,20.88350843977923,86.28080479709836,5.373711768226709,47.567252167511015,4.7034771146420935,15.972911562946079,Tomato,1
94,22.601408945468005,38.2233406407143,1.8619616913812735,4.998287363582781,3.005029557169154,18.03970024801696,Grape,0
95,14.56332783020985,59.59942429624658,2.2256533716576934,26.87830797802788,9.33419604654482,10.470921278579944,Tomato,0
96,15.764437637884564,60.26375499057831,13.182150464062858,51.92276045864823,8.742053226338975,10.371613856239026,Tomato,0
97,16.386501938227987,37.194659814207824,7.012280467802935,20.63704639583622,10.750609938036051,10.516284416182419,Grape,0
98,18.013765861992592,57.54542333446794,16.236848601808965,24.4810898480843,10.184447323569788,12.191309851611297,Tomato,1
99,24.998871133617182,58.27265826231111,4.325964198080308,44.8278586598846,8.970577085295448,21.200426965509156,Grape,0
100,18.472604723199694,68.98343018221755,1.286213482595995,37.53065444657704,10.226466662710218,11.698619263382017,Tomato,1
101,21.10918722980305,88.69448837490395,3.847251601308848,42.430218179251455,7.829267615090093,16.65226586633841,Tomato,1
102,29.496141488930327,68.32409023213947,3.327322636532326,30.436356825032068,9.651565580889603,24.23138910379873,Tomato,1
103,21.218680144692872,56.53779419593269,8.20186656806235,40.662316080953474,5.095422389254562,16.65450436302311,Tomato,1
104,26.687577842335433,71.14568188179706,7.972812510494223,34.05793965339451,9.47882370255652,22.193564427367086,Tomato,1
105,18.331911599950615,87.73760432162024,7.262621390467033,54.47807045323064,10.673670741144038,15.803415580451254,Tomato,1
106,21.97281221066185,57.360617758276426,19.561512061782757,45.799049926444646,5.321274287711187,16.570110533972198,Olive,0
107,18.249889725447094,58.34137674117827,11.646101653163697,37.52795625995998,8.207328395971388,8.559300935631816,Olive,1
108,21.30483462049719,80.37823438911335,2.372518556236547,39.23233876277501,5.505589961482562,18.054424770077354,Tomato,1
109,27.20154068728698,68.67695826403799,9.931425326481454,37.450027186288835,5.89397321393554,23.059551256437082,Grape,1
110,14.363397884038257,81.71227036064212,5.109316600463421,49.22309590433382,3.5002825795913814,11.255808412732781,Grape,1
111,25.172118217729288,71.79529812307055,4.2320248096971955,28.770761346324836,13.063099700666221,22.148158020853156,Olive,0
112,24.188678011661388,82.5249547213435,12.62686085013729,34.26231729007274,12.26274069888019,17.099779055424044,Tomato,1
113,20.02925022151603,56.47382828939038,2.235557282069055,32.117189539020714,10.149735416909348,17.37519225697096,Tomato,0
114,15.769710728057728,71.81873023817599,9.483390788348153,44.9550478623949,15.888783807775255,12.71787167479045,Tomato,0
115,23.36064753856935,68.83964978455265,8.47873287878828,41.60275792617345,7.243017213726433,22.53563318603195,Tomato,1
116,20.352536454680987,53.761636138438035,2.196058761530469,29.211410228465805,20.127049660442538,17.86775990376548,Tomato,0
117,24.16338105677352,48.54783078196967,0.9641263455257664,20.053501901606584,7.089882338547119,23.580180842680214,Olive,0
118,23.109260727617215,82.28623552911992,4.68371793754543,47.07564197322452,9.020773407024066,17.84565132919336,Olive,1
119,31.00889445660458,66.73571426673033,10.718470370931433,38.24138270273747,6.408888344239167,21.40950001292996,Tomato,1
120,21.803221862634878,56.66579577529006,6.530627261091839,26.827201421232573,9.48930224024122,18.53657944993592,Grape,1
121,17.882512536890676,70.55731594615001,12.898255959335586,39.57426644519278,11.342459711544977,17.21602840287115,Tomato,1
122,23.89637817478158,88.92028286023954,6.2095450051205185,61.14688088141086,7.544334427787664,18.096378845922114,Grape,1
123,24.099983419858827,37.78893231942116,13.472867480335267,13.903504871644277,15.106879388470482,21.55383333771914,Grape,0
124,29.79593787620218,49.550419651450106,3.036411071521111,28.725122534735828,8.956597138533843,23.1972440150951,Tomato,1
125,27.17555622957289,58.156703371570984,7.246233596699485,18.534619973576795,9.081941544440797,23.73961432515278,Olive,1
126,24.784355295747545,93.91768300080494,3.6201298461954545,44.2931945207348,4.36400922194513,22.04798667391311,Olive,1
127,30.31651445609781,76.23880474378944,4.570582673946423,34.49490839262889,9.673996298201537,26.672429567589184,Grape,1
128,17.056184728385745,83.50975860691841,5.3597429592655,25.18695936708667,7.463891116762538,11.540631206513371,Grape,1
129,19.80124233625126,54.89758621310654,6.5154958196382164,33.02861117507862,5.567041082650853,16.256083597762572,Grape,0
130,18.367120292972373,55.20696187094211,2.6859094161855697,23.95155587733484,4.8941023674065445,15.360569698559784,Tomato,0
131,21.05095098422116,78.71720575084066,7.00012436719893,24.22919134114749,18.68705351902674,17.448614190178905,Tomato,1
132,16.116569262218455,72.8741149640317,5.157538962667267,43.6359276301421,6.946090999283858,14.660279631220225,Grape,1
133,26.175754734072022,80.23108228296189,1.3654254316936194,48.676376796599236,2.172058316874929,21.381691529484062,Tomato,0
134,21.888886514506133,69.18493513607322,0.8031801771237537,43.69675969130453,5.207114161069709,21.462339702195955,Olive,1
135,15.64596852748671,76.1721558968194,10.745558165414387,45.745568211112015,7.793728642095146,12.534211436217742,Tomato,0
136,17.922104593962292,74.37178627357663,4.39561435641225,37.352260416856204,10.18666813046594,12.403334176300806,Tomato,1
137,24.567569237250975,83.66651083627389,1.213502147666154,49.24598456162255,10.219186086901253,19.961472671385543,Tomato,1
138,27.190632839471906,84.10512422916706,14.943898397983777,63.261493304232985,10.706458207106103,22.009991693499124,Olive,1
139,32.98365445845893,47.70192008412345,7.514408243640915,36.54594025577328,5.420558773450681,29.11374580389655,Tomato,1
140,37.56931233003665,38.29097166988716,6.389819946309818,14.81049239065867,9.361761774006181,31.22981996806562,Tomato,0
141,25.07204716637998,87.0261809647726,2.474488874308115,42.752131359313545,4.495762143557686,19.222648772840397,Tomato,1
142,18.05230939984068,89.81587639892905,1.3447541409292392,45.00907684659289,5.521428067943953,13.16002739134533,Grape,1
143,12.339768596343454,56.69065470729994,5.7247005855386774,15.613619335378083,4.329164101998963,6.484677041716368,Olive,0
144,24.33855731171918,44.10246890181557,4.912653923409434,27.53111942151075,3.246444581606922,18.837710202912024,Tomato,1
145,18.93529452344837,73.48552231510801,1.8919236962087986,52.76595860660076,12.256837955432035,15.81422155014215,Olive,1
146,20.923213699101574,85.96257339525795,1.8272564110237741,45.264452483091425,10.75444680391555,19.61101152248424,Tomato,1
147,19.93951600470096,98.96391783651472,1.7375094037878083,57.71107520099593,11.90666147991252,15.09879175301571,Grape,1
148,22.296045567918075,79.74446358152177,1.6781019389851917,38.69080800390259,8.157252264097185,17.203867106255217,Tomato,1
149,28.329901153938216,66.42424955121457,2.95007851456433,31.665228517827455,11.107230795460586,22.148957171661085,Grape,0
150,23.785242837226722,58.60304067622706,6.391400031283704,34.53465944997694,0.9548423814298204,21.657885387317307,Grape,1
151,22.206825814806557,72.17176937505981,7.190929009463657,31.703426242472382,11.45235007218142,20.019687933360885,Grape,1
152,17.821731235870942,67.51102944172115,4.834797925365549,26.53760009119185,8.708479320020121,12.901930703255402,Tomato,0
153,14.626585276478215,56.77398141406776,5.530290925689932,40.102960834237365,10.508438400596663,10.768919254184388,Olive,0
154,20.568460454633346,100.0,7.437510400275022,61.928747063152166,9.520093196194452,20.339983675775603,Olive,1
155,22.731087245908398,98.77752603108196,0.5678006560534037,36.97527671413081,4.0517793818524535,17.980870918400015,Grape,1
156,31.839649567899414,89.04073025333142,5.859477476717947,52.49990103180441,2.0078408984358136,31.544495397877323,Grape,1
157,23.65137260736443,58.187244032863084,11.997245917702019,35.086376744101834,5.1517833352681475,21.54188571111118,Grape,0
158,27.913697555115288,84.82528986445918,4.305304596880495,44.334092712434476,10.259669125091648,21.21033480939507,Tomato,1
159,20.50352200730424,81.59439614246853,10.450542036291242,48.75966100862434,10.76036566070158,12.853763971690011,Olive,1
160,17.075281167914877,78.63818436306079,4.3686949400316415,46.83694266039722,2.528230890472549,15.5065939048588,Tomato,1
161,18.17441618883814,90.74497900565666,7.7920012127391765,47.73058713764235,4.075602530127142,14.833199263663529,Grape,0
162,19.373869677321235,81.53056714291915,6.296540476094517,53.00728355760472,5.107057256236643,15.288624631163824,Tomato,0
163,33.64234866217582,83.10021354456504,1.7094397087446165,41.237950580129365,6.570779758932737,26.079894807012685,Tomato,1
164,18.89306660387807,81.55359425058315,2.1286440411935543,43.395506825473525,2.551796676589391,15.878804499526872,Grape,0
165,27.192446018681725,77.1118711200316,13.47233161094908,38.81210656047551,2.3117929354394695,24.146214064748282,Grape,1
166,18.48536410956487,45.245833054287246,9.00947398374976,44.83747614706775,4.712658814369784,11.387912992639146,Olive,0
167,27.657865064371222,73.25431616115836,4.6044155108445235,40.40657406683661,8.345015344900023,24.407443369807737,Olive,1
168,24.924754830529317,63.65712061726312,4.138290934443445,37.66031642808395,3.2776226409860376,19.480351412596402,Tomato,1
169,22.216810511709546,52.80238563539969,2.489655614495217,12.887311537833702,7.536785960112936,21.171096441934402,Tomato,0
170,22.79618736932283,97.22724928951236,6.693552426571914,42.525487936905286,12.23421126456726,19.13865285750748,Tomato,0
171,19.726061522853048,97.93493011328556,2.686596737480305,56.12306544431259,2.79288105034596,19.045255199505856,Grape,1
172,25.2303610074104,92.38830900443418,3.7139090419638303,46.840995231907286,7.174216966357842,23.34122856932181,Grape,1
173,20.7250825982961,75.82820125283811,2.939825289485078,21.16431291673381,12.09902693500309,15.046679887991575,Olive,1
174,16.871971181163758,92.25937681428985,8.622926330087259,56.721380062370784,6.3269264385447626,12.971781963337182,Grape,1
175,16.610312128401905,72.18079770902739,4.456272405628125,31.69611445874304,5.705321236566324,13.248523609507854,Tomato,1
176,23.862939588610597,75.04195915346669,5.561739126447566,49.50880880723176,12.653983257225896,21.360438836572435,Grape,0
177,30.895456282052173,55.59792944307026,1.7437449562573866,25.711378785557926,6.775191684113809,27.33676842853474,Grape,1
178,23.79995806786719,77.9548695674826,2.922349294983758,39.055224229518416,12.417980100822271,19.197731733665805,Grape,0
179,22.406808369450587,72.90578892636626,5.6542835910284905,46.762668518420796,9.715861564508796,16.440975956527062,Tomato,1
180,24.429130698012713,52.460218247483034,1.0280074808134314,17.249560429180814,6.628621388360653,25.679424066206316,Tomato,0
181,29.530008708534126,71.23204332275105,4.195648449933289,27.46816379251309,9.918762122390122,27.193531057059744,Tomato,0
182,24.096912506819283,70.80405654214788,4.950055591906074,34.249882554306545,9.28179805538415,19.77872002244127,Tomato,1
183,20.945363845831313,98.9634174996696,1.531267785305808,52.37593450006574,12.083531284009897,17.143090077755886,Grape,1
184,28.531443550299443,85.41319992770114,10.136554976681133,35.8981659279025,5.806617848539926,23.72469106524599,Tomato,1
185,25.143782192308066,72.17168158637199,6.462076724421028,24.30264129429145,8.164824267126479,20.60870162005496,Grape,1
186,30.67877995997996,75.73180964701625,4.43044183920806,44.213435228874104,7.75393728158145,27.28851568596677,Grape,1
187,23.91617218610953,72.66318567156297,2.741420554011469,30.06774349487649,10.81659256655914,20.969878578083886,Olive,1
188,16.8776548413975,68.95629022806679,0.9830569371918807,28.678968049021297,3.899283222223297,13.368657820868503,Tomato,1
189,16.159204003771677,55.7635920391757,9.612241753251123,17.928926604708636,12.067908192951425,9.861719304126192,Tomato,1
190,31.254639661156247,69.73422183589607,3.4351184790196294,28.696660094553078,9.865315088681665,28.718655526967677,Tomato,1
191,31.618328603916485,60.8085261502123,1.2859780867783344,28.332080863968997,2.7322997054682148,27.743942050204396,Tomato,1
192,22.102403933586995,53.2452669161528,2.6732194489868806,33.5419685324414,12.833051301922001,17.735719505590154,Tomato,1
193,21.08406339432006,79.66832721821302,6.9654410441734935,35.25325875365755,16.936372323190923,13.963361534571145,Grape,1
194,30.30722146121101,77.86896989899853,5.982196319261634,53.085802471818624,12.007335878197631,26.907837977683638,Tomato,1
195,17.46477158978256,45.19938732947883,1.9002583656334835,16.383482797333855,13.707939068905876,11.547158277760639,Tomato,0
196,18.526364905220866,70.15973043757309,10.794948772694672,34.74310330238224,8.341485526410352,12.062406098690822,Tomato,0
197,26.216633973445223,86.93552078849885,1.2675929906247192,52.433919162506676,1.3539803210459596,22.344142503426518,Grape,0
198,21.02697438570205,87.88835608344482,12.32007322046594,51.097500032834255,0.6235181953299005,17.448412343855576,Olive,1
199,22.974390666399643,87.38755264327858,5.79501887727608,39.54421595920362,9.020328175471034,19.632498010496075,Grape,0
200,22.18278550737744,72.5836981035219,3.6559827916087766,34.346385330427125,5.63208476908008,18.694431775862604,Grape,1
201,24.687872743994667,59.32432008046273,4.084868452737567,40.788427418734756,4.341694886690595,18.979393022841002,Grape,0
202,30.037409306568584,55.74451758962909,5.310631027087268,41.06316029400836,7.749013264125298,25.575389352057556,Grape,1
203,23.45292453450873,77.16907357125537,7.357058226348261,34.07738425398148,10.462341151445152,18.98234511616899,Tomato,1
204,26.21969396638429,77.68920051547744,0.7925102787528067,35.25467797433423,2.1889698129514112,24.47014098714396,Grape,0
205,12.749139494844886,91.30996667407598,2.595876022966566,43.88744044304803,6.204489518878461,10.684119649595356,Grape,1
206,22.75640799034941,88.49969475513126,5.182492602792982,36.08093583791068,14.039482732481261,14.469514340795449,Tomato,1
207,18.783848648535646,70.01657015203241,11.074333470589101,39.921442923685916,3.6988464791145015,15.139500099113025,Grape,0
208,16.90593469788186,53.33691181708696,10.790824702041578,32.676852962935996,11.479044748659826,14.455478689038582,Grape,0
209,18.609238165356246,67.21340104483653,14.035587982331801,50.596176687535774,6.061076953804024,11.74703983417765,Grape,1
210,21.32938279649594,75.25846792215788,10.443986207015417,51.88089975707299,10.18317503939981,16.765765699128835,Tomato,1
211,27.579512711780065,68.96875131915894,2.42327202229231,30.34088052458331,12.389310028811469,22.423202878051022,Grape,1
212,16.368036411302178,63.331588378835164,4.934302402337253,30.735031541459133,10.965127067940086,12.644130561865246,Olive,1
213,23.153157462972086,75.79327222454849,10.486266530970443,47.81032414226826,11.636638408855505,19.790503644125693,Tomato,0
214,20.579152833332106,64.44063387884084,9.799390476993425,32.15629003565702,3.3936258663681755,16.918325578326687,Tomato,0
215,21.361634528190194,62.57900874411939,4.251554960030576,36.270919116777414,12.454638826965194,20.127110868787447,Tomato,1
216,28.013789126523022,76.6717925145516,7.2123133578193634,39.56890541885,4.589227541460721,24.189643945362818,Tomato,0
217,25.69057718501963,65.97011129806192,3.4190604503882702,24.666609822529516,9.038167062286153,21.098511030934397,Olive,0
218,29.686990537213717,75.66156583467529,1.1615670236299103,27.322264541470634,9.032984747988907,21.986064069526208,Grape,1
219,22.227471603750498,76.09806034278184,4.552516635832469,49.46261003116662,9.940490235478324,18.055473473740065,Tomato,1
220,19.520286941646486,54.90856498362638,4.33949840300093,26.929081131886225,9.347826704240763,20.188641026067096,Tomato,0
221,21.880705915597503,64.78138314201881,3.283392344718923,44.901169040870094,4.624760085901107,18.068676781166744,Olive,0
222,24.21248395635611,93.56665409874694,7.377959116117106,43.89827155161053,2.6005303508171353,14.733475690139498,Tomato,1
223,23.882866792268555,54.5688073089857,4.139016153327238,30.196817820757303,11.489394719847073,18.150134322298477,Grape,0
224,17.578059638833167,40.25018326544203,6.66051199456586,42.582405849247536,8.743338310075663,15.199837526450345,Tomato,1
225,23.45244890813937,44.072322701362324,8.513463875377457,18.18422235860878,12.597507363831271,18.270235879278257,Tomato,0
226,24.141141650694525,72.43664919865004,21.112643639918783,34.30409105212934,7.821068263248528,21.625168500474004,Grape,1
227,35.587370187669606,72.46375917049049,4.612837811661307,46.59168292634763,2.3793425572921585,34.29498522676332,Tomato,1
228,32.38422305640835,70.23583716862319,11.179185600293444,33.9350023629706,11.864518724016424,29.080961782876496,Grape,1
229,18.7337832472059,90.21284743392752,5.918550442838193,45.164970786688066,6.518517561355572,14.550730368728177,Tomato,1
230,21.56308319225412,31.90748350345593,6.17343868670744,14.609772842308441,9.368013829684084,21.30739419712091,Grape,0
231,15.682789990814985,77.93900811646236,4.661980370483731,40.94744019643757,5.410162286081923,13.981108571892257,Grape,1
232,20.046464930182566,95.4215730270536,5.541801562832074,39.76885945495384,14.577206840934762,16.025793803817855,Grape,1
233,24.578025017951703,55.08328852662429,4.169915676369936,26.68389167501043,4.493740703267212,21.394371369929612,Tomato,1
234,29.02926810444117,66.30290232315157,9.888901750229167,41.345950058053816,6.650280983575302,24.239645562148986,Grape,1
235,19.354580811281956,60.70662124157069,2.6823175989042625,21.397362547636124,8.429794810789266,17.78391746589908,Olive,0
236,19.729267799661017,58.584809308837066,1.149078238894825,21.68175454292543,3.6312706916521673,14.301040302554416,Tomato,0
237,12.263554851306726,67.1060699246544,3.1929184315948564,29.973003542582116,9.322078114350381,10.631073045427115,Tomato,0
238,22.18667039727546,93.41227925526758,2.9096693207303184,32.932737647644444,14.447641909869962,14.901201793400201,Olive,1
239,17.687927940702185,99.5608001323128,3.191468681799119,43.97504714259009,6.038151357225158,17.119444509458816,Tomato,1
240,20.352802863169632,66.96091162439778,4.472126964232697,34.660484121588375,9.580571276126902,18.53791140393646,Grape,0
241,18.61569610916206,100.0,3.201542334684414,44.3648423350401,0.0,13.7809545030984,Grape,1
242,22.528687228737216,72.53364715476937,4.422499980868891,34.00712926088753,7.844283198060637,15.20022072574194,Tomato,1
243,14.211358043216844,98.30536540051622,3.209991046307686,46.646193900025764,6.747830856295178,9.581271970984503,Grape,1
244,15.664773773045047,70.60052025519762,6.762959185101097,31.9346537634613,4.72600959035846,10.539057932680265,Grape,0
245,33.64623556014149,73.96586739069217,20.98798076001314,55.603525460757005,12.325801878514127,29.611161756795376,Tomato,0
246,16.562887093629847,77.48211708964251,5.830861120802805,51.019466585395584,6.695025273504688,14.615684001860235,Olive,1
247,17.516072107726803,100.0,3.322171766407604,43.942694275562495,7.290090051625651,14.496348804205562,Tomato,1
248,32.18456764160657,84.76928362267184,0.31902106256678175,42.2829803320774,6.491228500843715,30.608387081569123,Tomato,1
249,37.52533584620203,61.39103205072804,16.584028637881993,38.976250089656034,0.332736512939694,36.08275578175578,Olive,0
250,17.142166855873292,86.53496805413786,6.075240975071628,46.72482716472738,3.472054239692156,12.338669017233798,Tomato,0
251,21.15875521605985,66.57251194373488,4.391512264227933,45.99707643568908,11.844373944480864,19.40511118023577,Olive,1
252,24.707777754702548,64.65374725648186,0.3507109389954852,33.44403136075802,0.0,20.068669741255825,Tomato,0
253,31.643488222027962,85.62902039838167,4.574382981897676,28.00524925431245,4.934738601537178,30.247133726470157,Grape,1
254,18.065714607858812,72.4662838165673,5.506508300213716,40.646999409201925,6.401119774840945,13.472948567625302,Tomato,0
255,21.77361077028945,76.17863871767709,3.2199490895286536,46.71925664104968,14.974487469166261,18.750975908215377,Grape,0
256,26.88668788030872,72.2097783279794,1.4013992731913492,31.842750306158983,11.074415061985476,20.073456813007432,Grape,0
257,25.173830372333093,77.04874689908152,1.3053144885596852,43.68126614437709,5.771317891787602,20.526392581174964,Olive,1
258,21.119219643849505,78.37448846154224,16.75723682296462,43.153384936850145,13.218054788462204,14.647653857861222,Olive,0
259,22.330885177419795,42.945496009418775,5.38762520368536,11.751260091008547,5.037936717995521,19.84217861027018,Grape,0
260,16.12552095815009,81.998590029143,3.2175057589032905,40.602722270898106,12.036399214936022,12.013234277661756,Grape,1
261,21.809131280126675,57.26970870254549,5.146739394005414,15.836946665379292,2.5644910163079375,19.77130559635923,Grape,1
262,21.668062549955224,50.36551296660883,4.88153430768797,24.65154017797562,12.29303132715663,18.49527303544406,Olive,0
263,24.16084944813128,71.12383134211976,1.2364895868777575,43.28965387462012,6.3754654181160575,20.685057893620538,Grape,1
264,20.223363905904918,73.25971504971682,9.444711676654965,25.244537867726297,3.8859830362349213,17.6750803472792,Olive,0
265,25.357692612725696,61.59740753141579,4.301199757236434,20.923818827615072,7.131425547694744,23.788698330417088,Tomato,1
266,28.063579089099143,84.46547786501961,5.443776102047532,34.108227959604235,9.10937671888086,26.890613736404447,Grape,0
267,23.77714663834233,51.867372504436396,13.182150691750358,33.37947930270899,6.021006277897151,24.456642869757125,Grape,0
268,24.758782041996017,65.89584376841161,1.4459507902265356,27.88415604279678,10.215814023981295,22.871474969002932,Tomato,1
269,23.265776737889336,63.22688797600499,2.5598632098530265,41.69308121065337,5.668024465343731,18.010788944545645,Tomato,0
270,23.000421965457072,71.3011909449099,6.316558150229932,44.77356907812698,10.481489575725432,22.197419029483637,Olive,1
271,19.39220983228576,76.18296426970858,9.316467232788565,45.69769127614849,9.768888248146398,18.128455524792372,Tomato,0
272,24.58247130836654,56.88160575564683,2.9655175150988207,29.13417911687121,7.7563077811682595,17.00067416590071,Tomato,1
273,22.513567007932554,82.86424016184343,3.1136619337061813,42.925675835673104,6.2344707505362,19.786559107629063,Tomato,1
274,33.465841544652974,72.9450355250205,7.852099852171536,32.21108702548946,8.606163183061065,28.823749526323304,Tomato,1
275,30.86677451237621,43.62080620032134,19.92835201534754,42.42972723087553,10.201014972134796,25.58214021937522,Grape,1
276,24.929232762782505,42.62112839404453,5.277721015076888,14.505330554507944,16.247196610926434,19.604180503219943,Olive,0
277,19.184713951526163,71.81521060606033,2.5525481649920656,41.04189925593865,11.757681687192724,18.229342412742284,Olive,1
278,17.43794264008291,68.68549023320469,1.9215500621795405,41.93485067163639,11.903959799263365,13.900061999881888,Grape,1
279,28.955714765444327,70.4486982963805,4.461748468598727,36.958229824954905,20.354048779441136,28.192169304481112,Grape,0
280,24.313746125735694,71.58026315204673,9.022121824044877,38.01911140596113,10.063833907071377,15.421110407915048,Tomato,1
281,25.400717016958055,75.38339759265271,25.68385551265017,57.67209259329124,9.93857404524681,24.590467544989256,Olive,1
282,14.277070065129037,86.2147441477245,3.88967064872664,19.016224424651952,10.816060297286617,12.372750502868676,Tomato,0
283,27.637192407790906,55.333426486236625,5.284141816217777,31.545421119664397,3.9641360896469875,25.718394117473913,Tomato,0
284,25.272101691071814,54.42042610648808,14.945819715013256,35.53901553721178,6.224393454324975,24.265422644517574,Olive,0
285,17.44784657792761,55.60014213168927,6.240362112460852,29.607328744772925,5.9753229332306645,10.74265875841452,Olive,0
286,20.642375962750254,76.3337500075306,5.86109451995779,44.69132322253762,10.590455908878248,11.797480160583262,Tomato,1
287,24.318586021782597,90.67421067969669,13.071308892803339,50.662290547588356,7.303301751115205,21.27008426040783,Grape,1
288,23.26233399178122,65.52990842640735,5.378817235602122,24.669857727155744,8.552893701897212,21.90318028547004,Grape,0
289,21.539144070982225,34.47450233760518,2.07649833883387,16.043503356386402,12.349818480593857,22.012995068434268,Tomato,0
290,22.482558659670197,46.44010706084437,11.322129602154053,30.496195731749804,11.452602954816555,18.9707760967144,Tomato,0
291,21.740113108965573,59.50444915805983,1.0213910129576502,28.513586224141143,7.353115987835012,18.37284395528846,Tomato,0
292,23.762812560512344,63.634066687571774,10.054479460002705,37.97426851569001,5.32001961248711,21.065404813232632,Grape,1
293,30.357459864965783,65.87417059117911,4.969448382456057,41.93388783134387,12.541098926612754,25.914709357013326,Tomato,1
294,10.166707795343513,72.57871684471375,3.923261504583028,27.11075535951443,11.095564723639463,5.37636150971254,Grape,0
295,21.81574867745158,67.32380503766329,3.841682328147871,34.77466177878558,1.574972726818471,17.16958216157578,Tomato,1
296,23.882562106862235,87.74009415815111,4.448164061419796,53.36101120924977,6.747384244366877,20.51481185079921,Olive,1
297,24.479969948435496,61.859740414779466,3.472998002296196,16.738389612990154,8.662061848067049,22.68321360758402,Grape,1
298,21.14042709339355,59.06523060786685,6.9168402502226884,33.54999941995867,11.115318868484126,15.80876089778012,Olive,1
299,14.216391087607088,79.18313307780693,3.5753322165254353,33.80964764244912,11.640405979759084,10.191363568764027,Tomato,1
300,24.63997741857055,48.96536895110821,4.997819451283487,23.066988513240645,9.135624004701894,18.863262368901246,Grape,1
301,31.636751070820925,77.84537557980003,0.5895363116972718,28.263588034552455,10.340990125435424,26.056599971876462,Olive,0
302,15.33069297541931,73.538297755894,4.972487157212829,35.713817990319015,8.256547209512615,14.174217113513542,Tomato,1
303,27.319140068490942,69.78836265122749,3.4152568678774786,48.86701360276959,5.304593247277758,26.187584483406148,Tomato,1
304,21.35737388438553,95.82414160723894,9.551728916637849,40.6468039671501,6.954942435834984,18.868455321866588,Tomato,1
305,22.693378270855764,62.66688832057923,4.056320001626814,22.088275725731485,8.075964746560434,20.8059090874371,Tomato,1
306,17.735507446480256,100.0,8.610138661356023,41.47263436777678,7.86128299992564,12.225003894528054,Tomato,1
307,21.327719138220615,68.6185282615785,7.934866836571544,51.04557747999237,0.45770838222611765,16.625099786244782,Tomato,1
308,29.500222973494793,52.844753325446575,8.089921194324626,26.553358307740364,6.410066660282276,23.301854985924173,Tomato,1
309,25.913276209938534,73.04879371492238,4.173227358818799,36.00542657598872,8.224822612356608,21.120302575116696,Grape,0
310,31.661558027049722,55.85632199521848,5.225660452247628,26.0936097307965,6.874520032377196,27.244258863302985,Tomato,0
311,28.887059444888468,60.7236622827975,6.783843032092621,25.19733942570824,7.012704817953657,22.48759988420013,Tomato,1
312,25.195433394647882,77.95549950023236,5.348474881319125,37.47754950724438,9.95196548321835,20.255978715177786,Grape,1
313,31.71967263083896,80.33373132975187,4.06347486881454,59.06690783933245,3.6841712518054646,27.583470703963524,Tomato,1
314,25.194965793691495,62.66748449618613,2.259993376585037,41.14493009234583,1.4878311441951553,18.23405972583012,Tomato,0
315,27.139940883985297,86.81107717569601,5.042667506551356,36.275616191966115,6.607320836653301,22.909579117679716,Tomato,1
316,21.51714523232646,89.36261637031701,1.1538746881013922,46.316869941617256,11.056457622007159,18.125826442162303,Tomato,1
317,23.332729079296023,93.54452634844937,0.5320130052549488,35.86846507967516,14.750212157946553,21.008375596851323,Grape,0
318,19.512880883498617,79.94120110688583,1.7990590351197295,23.201846615424635,11.12851295637896,14.106829965407794,Tomato,1
319,27.947919672974265,92.45143068128547,8.023826871964506,56.17829264546711,2.126944960524611,21.47381858928933,Tomato,1
320,17.10848188442567,43.78802358038914,5.950307573615015,33.74559944321553,7.070531042492915,13.209656687292531,Olive,0
321,26.911751712088307,67.23140177057306,8.080956594092312,45.08731408041492,9.026537524326118,20.295920464528628,Olive,1
322,22.046744712474204,58.9949211551486,2.7704126317758573,25.005122631480972,8.710364467694369,21.986774776417356,Tomato,0
323,28.856235467336596,73.78838791691088,10.229663134289865,40.054299198025895,10.157218211771497,24.967142216952425,Tomato,1
324,26.7543449436563,63.428261712048936,1.3064603652141946,35.58601049185836,4.331804214156957,22.834534767865172,Grape,1
325,32.10323078823401,69.50763237075401,1.865888091862136,35.90311333911387,8.25977235020297,29.557219533048702,Olive,1
326,26.653873455693223,100.0,10.107535930211817,49.9369289737931,9.681291319104517,17.886151379729476,Olive,1
327,15.139798721733797,69.45420305369433,5.634016902613608,22.809030335308016,11.302683813214639,11.272183987111319,Tomato,1
328,22.665234135508996,78.2068847578532,8.11519286925375,42.596253989573036,4.777127333548831,19.48069567871786,Tomato,1
329,17.13996403702592,68.51596005113647,5.968976452974104,44.2394402992796,6.619372531028408,13.088039810158909,Tomato,0
330,20.408600788168627,73.13569931935251,3.124497836400594,25.82995665055585,0.0,20.414228265220288,Olive,1
331,30.55614216638361,72.09025020654107,1.654113853952976,38.87397872951368,5.514152129688903,28.07587801707344,Olive,0
332,26.18766905448848,78.72486098959739,0.7356149730395993,38.66701298482004,5.902340428115828,20.221189115597674,Tomato,1
333,19.50534785710627,89.47961303320766,15.787500941853263,58.89701272428473,3.9216619673302278,16.76323856697182,Grape,1
334,17.931413167798006,96.71090996404993,0.9763008918446239,51.27675419505023,8.662448600930606,15.589163493398548,Tomato,1
335,23.163910464381303,76.6443012286375,12.777711535663492,39.15638284601485,7.776218271818927,16.5448591913525,Grape,1
336,16.91719925309436,80.84320329053403,5.403285648510211,27.766394798228916,0.0,10.236690451190702,Olive,1
337,19.644298613017096,54.737032362216496,6.1058462681389924,25.248185372045583,8.862031877207025,14.610317668694812,Grape,0
338,24.56004735775622,70.6818488637657,5.813722007796352,43.57082813514771,4.28670347684389,21.470282025833555,Tomato,1
339,28.77656018053348,86.10434197325384,7.410944597012694,40.33967833736662,9.94275583676206,25.255502310766126,Grape,1
340,26.043807361122198,84.9895295762573,2.538783643166746,34.72396863298805,2.8725950090853383,23.652107284272116,Tomato,0
341,11.5435524570095,75.17414599192576,0.4356260866291243,19.60606383027278,8.12002615412376,9.53309869506679,Olive,0
342,24.5218336451513,85.29590939351928,3.0688164884719042,54.85939285426872,6.867346684453977,22.610666621768164,Tomato,1
343,23.36016786616289,79.36150063490729,6.967761781257545,47.892593842116796,9.21240753980132,20.596276679733304,Olive,1
344,25.069451426863466,90.00459387388983,1.8837607621689791,48.16824370318372,8.498789110605387,23.138893408232956,Tomato,1
345,31.081048408256038,76.34038735435666,10.402659074887545,50.417104663606324,6.9793432999141825,30.208458645342336,Tomato,1
346,12.683808615976286,66.66452526643448,4.513128804514881,38.22320630585463,1.8549107438230212,8.245003276468474,Tomato,1
347,20.044482874044473,77.03761885399535,1.7168662665349348,34.08579065608963,2.0911681461558738,15.575291712257599,Tomato,0
348,25.954531613966772,30.0,5.592555995492566,16.66393196341644,5.664452243631124,18.552946097110137,Tomato,0
349,15.092028002730288,77.74328604577575,6.883253626633994,37.070566705169284,7.966880464281652,12.428704739439693,Grape,1
350,30.379745240267546,30.0,7.245849008563248,40.3746052421706,5.567008211203532,25.787544061021006,Tomato,1
351,24.841783063503293,46.14804888891873,10.115272883407345,33.30613655713484,10.500847722317863,20.21635790495369,Tomato,0
352,27.23291992921702,78.77652901411476,1.1999183560494386,32.698969210379715,6.883116323153265,23.740595051468084,Tomato,0
353,20.145281692391027,79.16294005900193,10.124926187354495,47.4472381697647,4.139949100881958,14.656614514891675,Tomato,1
354,27.068818449831053,54.56356829790104,10.771037108002659,25.083484077607054,6.8876148280483624,21.518360076129625,Olive,1
355,28.342357779945193,61.31846937181592,1.6577663910593228,40.95557807887844,8.903439345266209,23.687535589550112,Olive,0
356,24.164390100685843,92.55811482921197,2.0044617836377205,37.966168333598446,9.299538875298337,20.675669510781432,Tomato,1
357,24.17200446349348,64.73954802640986,8.406947623248382,39.86703817146287,15.513516527972516,20.88706468060255,Grape,1
358,24.35171619640863,100.0,3.5941230678636518,56.403119492235994,5.324362639986322,23.08722399400275,Grape,1
359,18.68327367630309,71.9712022023548,11.869180407668114,44.960533670834096,7.706085353638398,16.295109233538476,Olive,0
360,22.262356598798235,78.120542653219,14.14203396467428,47.22363130024508,9.704495787277706,19.50637164660161,Tomato,1
361,22.237387337738205,96.25311597747911,1.7149252244920001,44.772259048307326,7.906308163196739,20.485330862597074,Tomato,0
362,24.916969321767475,73.9654067429013,2.4936023509901286,34.82778614000083,5.997527416045387,20.037121388392144,Grape,0
363,27.999121234551474,56.96484028963798,5.376328370201874,25.321652915078573,1.8029712946230259,21.605865496577454,Olive,0
364,17.707319590107954,70.35408822458565,0.41735855195911564,28.397359104473203,5.956661763787938,15.523444454766253,Grape,0
365,22.374954848402112,71.46583895714863,0.7635266132748627,44.60717181054426,3.705190349128796,17.80807197691284,Grape,1
366,30.407277738294866,51.528875216976516,2.240862275723937,24.11239060673733,1.0935732755048866,28.475500017354285,Tomato,1
367,19.28205885593718,68.16251892988765,17.44307564153297,38.34122387661363,4.817284633317654,15.891903197815504,Grape,0
368,18.8887499135484,60.86711859003845,6.011796224005554,28.069259569829683,3.811633116934182,16.26940907190395,Olive,0
369,24.01153095915597,85.86536635781151,2.8708085220841655,49.739027124260296,10.335146181171792,18.80773966194309,Tomato,0
370,27.221925952426602,72.51917811277883,1.9891198212251382,39.629779073046414,10.404367349657175,24.57950230011096,Grape,1
371,23.057130277803296,67.75806376278645,1.63872780690604,36.28474436463679,4.384482841676501,17.033809450390002,Tomato,1
372,29.644802952184946,70.40727104066136,3.0563645783598243,32.06819403970714,6.959085477747515,26.136244499509345,Grape,1
373,27.283969912832635,75.34683027609249,2.9070065183399048,40.81857860029711,0.5670293515498583,24.583177332022295,Grape,1
374,27.20910033445031,81.2522129953467,4.140096357978094,34.7270839346833,6.022640199269223,25.715710859140636,Grape,1
375,25.770582506620467,57.00431656995928,7.12390103561879,29.274151034210515,9.595927602809383,21.26417348602977,Olive,0
376,34.63826550173042,56.376185510680926,4.664592209151763,36.85939314626179,11.29975155845641,28.84782869727806,Tomato,1
377,21.97419155566978,88.57018823103795,8.762981475075817,53.861191315380246,5.147811673234745,17.42754904259603,Tomato,1
378,12.982388539667431,65.81494691692905,3.9037468171659104,24.884444798744372,12.20741944211008,4.504725206838584,Tomato,0
379,31.021271807585705,50.74736861104689,14.869560167626403,27.887752385803616,1.9372323139461134,24.16169690264487,Tomato,1
380,20.711502845215872,78.65719064074656,8.613592762513077,43.1562272208537,3.00948880342483,17.326558374649903,Tomato,0
381,23.539402221715164,78.9505470904903,5.889585726370821,54.04847376917337,10.838647462551505,20.175457089329303,Tomato,1
382,29.547753424302634,49.0392711411494,7.14144527880015,12.456306920805398,14.68448491425299,24.60835998533193,Tomato,1
383,14.988702294705373,75.4422257319541,3.1283411060417645,38.67833798077678,9.973727952734782,12.664740655556743,Tomato,1
384,16.741763929469304,83.0337463864256,4.085922226801262,29.625577002747352,7.83863045386395,10.409187316404331,Tomato,1
385,14.993610314405732,77.61579677559395,3.959248070126569,33.019859056914164,0.0,10.270409270718565,Grape,1
386,19.02931854987288,81.47972225642093,2.5783354866128643,35.81311606016578,0.0,14.516400728155814,Tomato,1
387,25.19818303008497,50.935963528638766,1.3654497687906233,20.649476655424817,8.517638147583476,19.82427569454334,Grape,0
388,25.620939214063856,76.96560232494294,7.423362471850968,36.30284350643143,6.567749321715302,18.17527944732574,Olive,1
389,24.381370896642768,67.4607036079433,9.747026264341434,38.21259411805859,3.576659271391528,20.039460192267757,Grape,1
390,15.936170580538167,64.75814761913033,6.677109155152799,30.200809219686263,8.262130323320203,12.162251322280936,Tomato,0
391,11.44948281683678,85.0583341412959,4.65378058586635,30.29961575344302,8.460525470031238,4.432043570191622,Tomato,0
392,23.27176792695191,94.18911766011345,19.412082236951655,64.15372563679459,11.777663474161091,17.336667094969638,Grape,1
393,20.64111983180832,98.91555081900538,2.8390491450144233,52.806214521755,8.546409132050803,17.283079512575767,Grape,1
394,25.29692885858306,91.72211807258857,6.040233536518251,52.85253444206081,12.913577473337538,21.286555961265016,Tomato,0
395,26.50976813110635,70.35398727554724,10.730307117886726,27.917663998192985,8.031976118195253,22.119006299228754,Tomato,1
396,23.69120716029341,77.29080244539514,1.8135468775768842,38.62304382316253,7.538660020770656,18.967581271083443,Grape,1
397,26.80066542687927,83.50234307676365,7.835781480365192,49.25251041529119,12.257248744988729,25.513865128757498,Tomato,1
398,24.146056870575343,73.81766923949193,15.524469950455003,37.3879105706187,4.0862364798342625,23.231026086178463,Grape,1
399,25.650323528007334,73.96146281867317,4.960614483532094,37.324535840685634,19.257789813064647,23.42510357201224,Tomato,0
400,19.476633685650587,84.35629697814272,5.642681354112405,41.54434556097123,9.501029912666944,17.40611057167327,Tomato,1
401,22.101942930842707,71.11076030961101,2.8538874045331366,49.02015733149757,9.523317011350692,19.389590958787714,Olive,1
402,23.983880483284786,61.06069595439508,7.082343328193856,48.53915613813346,10.10038389589039,18.714459199104777,Tomato,1
403,27.102642377087093,65.78290401246213,2.522042605162089,18.30508974309602,15.50854590132657,23.44050068973657,Grape,1
404,21.03129413887714,81.50865566600613,4.734513068751956,60.417921550528234,11.170029646690427,16.63850492885676,Tomato,1
405,25.60583627866056,72.04489936799934,1.1915228673862583,26.051617240282113,1.5797760839843056,24.054443098745086,Tomato,1
406,21.670806040423106,77.10314965302507,0.17675315672112157,42.68320622385759,13.613881539070018,18.594090446264996,Olive,1
407,22.412289163359347,82.05118863303285,3.3675510276634153,47.38105955390536,6.636413682219931,17.237773839869668,Tomato,1
408,27.147595210120365,66.37737805653586,3.3219745717711993,24.561877968123643,8.428620291357294,21.95769029376676,Tomato,0
409,13.034698144729221,83.34372245444709,3.614918171090739,44.34275199208657,2.882984111298934,10.483845801105037,Olive,1
410,16.517638359626197,77.68263905187592,8.431114442800038,40.84180917345569,10.104808072495583,12.19431358686709,Grape,1
411,15.589073012785896,53.477803696327825,9.937941941643581,36.450005253721514,5.394502839729791,7.191377305821231,Grape,1
412,11.331919400758476,93.63457186779367,6.229938506159737,48.96488656447994,8.400678551973895,7.367115259269752,Tomato,1
413,19.608677799224118,64.48882884364626,8.016711637142661,45.004058172316924,6.863603978556868,16.99505169150901,Tomato,1
414,26.7471694986387,47.17356985222224,2.5877555412007296,23.90150721162909,15.700051206943407,23.094694277363022,Grape,0
415,21.575579668087126,56.324344356205465,2.0530470941364585,25.645400080191138,15.929041200582358,17.39122545303346,Tomato,0
416,23.98895040970926,56.68432258982517,7.186999249837724,40.02605842974896,8.186052680858966,20.29128717109036,Tomato,1
417,28.446087483553963,72.782599779863,1.7899613607112195,38.827306708376156,8.25591084547542,24.508796884906968,Grape,0
418,29.638430661338457,67.89224241680644,1.5985422292612443,37.684850025539,6.5062281346019395,28.525324255212137,Tomato,1
419,22.654310326369302,66.94752048539111,26.239765989941546,45.80150363231046,12.424025166011145,20.579571276541206,Tomato,1
420,29.76792944784699,81.29552948223719,5.211216343677135,32.38985909076065,6.684320518666492,26.066599921989983,Tomato,1
421,23.460633292170545,77.09813041789056,3.323769137177344,32.81139685177102,6.3146509014172025,19.791169232215417,Tomato,1
422,18.81300888086269,76.74071805966429,3.0101043385622885,31.974835512254057,11.914371454659857,15.945387430582691,Grape,0
423,20.027998239006322,78.14742685993039,1.2288365026261425,42.4390054382929,5.846803618733402,16.382025411159198,Olive,1
424,15.597317437174919,81.24202002003358,6.132994438345844,49.273176962044204,7.848979862205877,11.475287726346508,Tomato,1
425,18.559330731331737,40.38069987333836,3.8961165286859485,20.047165849691815,1.6747568739560288,12.780503818282687,Tomato,0
426,21.209916559627853,66.53342621603308,9.743280702248613,49.18201850960859,10.816761380492668,17.408340030079955,Grape,1
427,27.01792509689301,39.29684903265789,7.349868527706519,34.51123203698231,15.763467756727476,22.219718686296503,Tomato,0
428,31.60384915582992,72.54089890196693,3.7884687364704064,37.62137082626575,10.884901491199168,28.68704975869776,Grape,0
429,16.0890924231148,71.93050541663482,0.5858977465098301,26.26231146234921,13.84719667018922,10.944900975917836,Olive,1
430,24.964137341299594,87.68298412184521,5.222018143785505,56.23797056534307,4.6155914552906765,20.21267674607488,Grape,1
431,17.79728030421233,89.8145158908168,4.867664411702029,43.82252487200192,8.945297128112802,12.065646297852691,Tomato,1
432,25.37348544231601,75.04162572378551,0.4356375318761262,35.12656317265218,4.227360302522442,19.946564517427035,Olive,1
433,22.344566746561366,64.4945838390465,6.749003967203655,31.7049256964813,7.088937817674629,17.167095500799075,Tomato,0
434,13.845470870762348,79.27741668818607,1.7306471149951062,29.94103259130224,11.088845909410018,10.042305688077908,Olive,0
435,27.641484957842422,64.0812354401353,10.09706511436368,25.165092597029496,8.407282452413195,23.151606503753484,Grape,1
436,19.974996435956346,71.97911022834977,4.639964655921455,41.16551791595286,2.3494359095951136,13.847978579053294,Grape,1
437,20.330498808132226,86.79204475441152,2.9371802606537565,35.13895591683523,2.7398835778489863,17.634647946937815,Olive,0
438,17.65123794355155,63.633429810158646,5.794339191282349,57.74676459957186,2.475344274036905,14.90805350094528,Grape,0
439,19.728583616562222,84.08517958863752,5.528333167179962,33.57240868773102,9.965810359758361,15.365720820661497,Tomato,1
440,25.139452203474587,82.16102053038453,5.375375897771798,31.213700157039515,16.255578142626675,20.30889282294368,Tomato,1
441,22.053778295317972,57.678122743037676,9.187850245750443,37.386545155874835,13.449832976000852,19.701991293845982,Grape,1
442,24.643310011412407,86.60841192326102,6.0613638219076655,56.05738425473195,0.41605920341574265,20.792835138239024,Grape,1
443,24.80960926964422,82.47849518057258,2.713623357869854,39.80293877309932,13.684303752279135,20.99760681810179,Tomato,1
444,29.603308277640835,73.52888831058986,3.9931526275251485,40.86046120328375,11.745601668058589,30.033868508847775,Grape,1
445,21.286069245678103,60.56514812958522,12.624674583438178,22.60567698539422,1.8188002178849692,17.725257224195623,Grape,0
446,15.615710915771341,59.11190972136645,2.5020526251240236,23.181909109179987,6.78719353315801,11.930346581468275,Tomato,1
447,28.336112082859916,63.93506134645466,6.66980375686508,25.51769477829613,12.382089645983239,24.656697968505956,Tomato,1
448,21.342559139513728,80.1389169493794,9.424686682279901,28.4418951734616,10.20173404373914,14.510730590359191,Tomato,1
449,28.572962222886886,57.66562248897903,7.144959955010206,32.601339956239826,2.7636197904480575,27.004558819904638,Tomato,1
450,24.916885565912352,78.56268372929804,5.246781774421265,21.608012124837664,10.442968623184777,22.566130708321577,Tomato,1
451,22.344312348983276,53.37366706682411,5.880195236800127,18.14473864081136,0.0,23.568703945621944,Tomato,0
452,24.743879470231477,68.93897123341726,7.472981665357132,32.703372035216134,7.108711296971155,21.705712802579757,Tomato,0
453,32.7550628006315,73.64471631861014,2.4753621383204165,28.47012536642229,12.551827077600194,29.5463499088835,Tomato,0
454,33.38490264526877,100.0,4.892270689041837,52.08508456889001,8.073576862285279,30.40485699793728,Grape,1
455,23.346905675663894,51.34026516719449,19.339202398309396,41.019122779104876,6.004249800152216,17.131550996696376,Tomato,1
456,23.800952966585378,94.080218497352,6.820327659363255,54.942750418782666,11.557385015089396,18.079717921911453,Olive,0
457,28.381200787331927,74.2476362098092,5.38924516602688,43.74190228893708,11.899007260346327,24.22548733879732,Olive,0
458,18.771694836163263,78.16757877023944,3.6741239215237886,47.24121189871783,13.2401587714678,15.512920943242987,Grape,1
459,24.665351863091274,73.77521870082306,2.500460380360495,35.18386951958634,11.497369713785549,18.61297252687755,Olive,1
460,22.870685760230717,78.6709022729285,6.027412636214532,42.65157133832281,12.325499175748586,18.91020147990242,Olive,1
461,24.56954105728777,69.69472343456974,6.340466846977039,40.52710863849155,10.931634229750138,22.206081135124684,Tomato,0
462,18.83315597025297,93.81075272186187,4.6411456335374,47.061008810795975,9.062114596465888,18.265653325222075,Grape,0
463,15.052162533455155,65.15293283662916,24.48557978914645,45.72972912846369,8.358035999055256,11.93479152124652,Tomato,1
464,12.635082820043541,88.98351858268872,2.6990589217292515,39.54229022487517,7.050961123610392,7.125795585698324,Grape,1
465,17.413079435051962,62.33449319680466,2.1655633699670815,23.242505447896036,3.150526827761097,8.860002055965783,Grape,0
466,20.706623575303336,71.0962223039807,3.7173798515989573,38.34013855734912,4.178753964720765,16.583402882924382,Tomato,1
467,21.53404206675619,55.92056171564671,4.758043267165048,28.21856599309182,6.871942072259161,19.064753096996796,Tomato,1
468,32.68615581214758,78.8253558052128,2.385299385833069,32.074259615918095,8.965808638409717,31.056086228716012,Olive,1
469,28.529966849536493,93.676889353898,5.919980209766063,41.59262582247022,13.763250392017053,23.426057056925295,Tomato,1
470,18.189544418291863,70.83965730268719,6.401634565468275,27.315963616321547,7.83281108849795,17.7187765230604,Tomato,1
471,24.738542262254786,69.04671451944135,8.10963604144458,45.38946109680187,12.013905163510657,19.63785205944501,Tomato,1
472,20.964608818248376,55.2807455539811,3.239882720810098,28.097183032193875,12.317262625728482,15.32918560572255,Grape,1
473,21.578180809799523,68.56061019671537,11.921971220004988,33.48745140793975,7.074212809244836,16.705621903333796,Olive,1
474,23.92662824707691,48.10808610417709,7.728204588950867,34.29958441485653,10.378760845480736,20.365951590954023,Grape,1
475,26.095855584876965,58.30683019921759,2.6508326768298014,23.875149252756774,7.025887833100554,20.965974277783335,Tomato,1
476,21.303707580579925,75.40179069163703,2.375675290357406,24.579341027424732,13.288543576313907,16.961830838323323,Tomato,0
477,28.31925766367179,91.78519796612095,3.9269248948066013,52.61465731435277,10.543373353063728,25.875505347392973,Tomato,1
478,17.29030886928798,100.0,6.413103820298983,45.833707139710285,3.2380649812465787,9.589484224537928,Grape,1
479,23.031695311811344,63.201223723936494,7.103984153373133,30.85254527679961,8.646098608615388,19.735054071032376,Olive,1
480,35.98836863297916,93.5295023496816,7.7179239811411,48.592055405063014,14.59244864729552,30.43686403207934,Grape,1
481,24.115398713126375,75.65628720602471,18.535780674481806,58.01466756461748,7.275075861813195,24.952627278517802,Tomato,1
482,30.166072533030864,69.73128529880437,0.8346189365533485,32.20707186063514,9.790860120380273,23.613130767469006,Grape,1
483,23.45760089086604,78.48891677589228,4.542931372390382,29.361420637901986,10.183515350956581,16.52007340155688,Tomato,0
484,25.903885476648984,72.92874725519938,17.531983746131623,51.19453929464246,3.853508403341598,21.84421790239571,Grape,0
485,22.71608402803654,73.65593588418328,8.372332965950186,35.96311972654883,10.042831796854056,17.59854195856102,Grape,1
486,22.14796209417898,65.87500255759996,2.0427732920821784,46.38136155682145,2.424659391861497,17.030931730963854,Grape,1
487,19.102588016372902,51.02835510301724,5.700430923120538,27.51414675887107,5.497503574394416,16.38815515565435,Grape,1
488,25.151506794787768,48.84562196216878,4.3336800143194,7.567189911242142,12.302891869976769,20.05726218390909,Olive,0
489,18.74231405407116,81.79867324921841,4.212162886854419,43.03805304887721,9.427025161233432,16.35957499381627,Tomato,1
490,26.327926181567147,67.8494986487143,3.1879700613398723,48.639432779075165,6.7820887690138925,23.545440028857797,Tomato,1
491,28.426435022229548,63.058666505157504,5.359976053990137,45.271743078876106,9.78584408498075,22.172548735804952,Tomato,1
492,24.83265703618615,72.1275844008473,10.463065025689712,55.47549931098558,7.759631008979474,18.883341654785745,Grape,0
493,21.56875633222154,83.92398379373441,3.4332240312291322,32.354290449112085,8.050314009407334,18.981507336453124,Grape,1
494,25.269827896543482,74.70545914539598,7.758540402859714,47.1215081055302,10.62727410688055,22.736980583545563,Grape,1
495,21.456634722267935,62.15917595038549,8.728400099694735,29.178392939535563,5.090529037363472,18.74782792718328,Grape,1
496,27.677735627325745,90.39439433473424,11.856617237094815,51.957086435641656,8.161345622218763,22.212456494394765,Tomato,1
497,13.842969578924382,95.68778254472448,2.3390842503514913,34.74715011548935,6.750927221573388,11.842939140545177,Grape,1
498,21.32196315940677,79.4183498298428,5.043805641079593,34.61765581723121,1.6575865015989777,16.608537881334865,Grape,0
499,13.04594002438001,86.60495267016135,2.883402223362033,35.868976901353314,4.318176975002801,7.552246403111422,Tomato,1
500,15.524695848863974,90.62939995220717,5.367603945365979,52.26575537592694,14.272825788255329,11.701186749450175,Tomato,1
501,29.81931114906955,88.95148974606771,5.340500928084915,50.706324101555644,9.538893258340936,23.799183755339694,Tomato,1
502,27.475924909858428,81.21148765668936,1.8358424835270784,40.22840126697844,2.7056467943944433,24.084545248838012,Tomato,1
503,19.402598833576047,80.97520570612325,5.607589727454466,30.121543005275953,1.8385824966063575,15.830310035563876,Grape,1
504,15.487482719795516,79.79490860019754,19.14269575982846,48.728750006353906,7.551344399557665,13.441975182059227,Olive,1
505,8.177355810791743,55.539934881794345,7.123841691210238,24.723112186233838,14.244746132705929,2.143001115551333,Grape,0
506,20.28252246033683,82.51084735289379,1.4885276963109326,45.278109519406875,7.25296746078259,17.815563354294568,Tomato,0
507,35.10207506123702,51.66279043310169,2.208410953841466,34.44046328050641,13.227998213616065,30.4025314258069,Grape,1
508,25.174421357318238,60.081008173124175,4.8500941106002555,39.367613654633146,9.407723083274629,21.317053491570107,Grape,1
509,20.202138569752552,91.55347601712131,2.2558573198550516,36.96199470825247,9.885001831383574,18.30770469597588,Tomato,1
510,25.325401047501533,84.60330244041296,11.432630527858885,25.301325542157112,2.6571179627817223,22.543607335148174,Olive,1
511,15.195208235027785,94.31097434528795,1.3116744676893284,29.353582844490603,11.750091686999031,8.429463756946317,Tomato,1
512,21.513383186511824,67.92488424469062,7.159282666812967,47.66663986821882,6.660271850905572,17.110068101242863,Tomato,1
513,23.497387365078694,54.716267380848485,1.0346749309051368,22.240020751547334,11.452369814443633,21.51568804781238,Tomato,1
514,22.569496740894756,68.39344204394486,4.791109112861765,28.604139263943697,4.743320072055548,17.958840166197373,Tomato,0
515,26.954030608450402,73.53046945860861,1.9639759973682926,47.80117440175838,8.70819739003965,23.24625867163949,Olive,1
516,24.72322613118026,73.18483074510014,8.097130778102986,49.53215802168407,9.408011815750527,13.8151333266919,Tomato,1
517,26.341630090539986,89.00520718135053,10.167638355308712,48.382043691213,7.383866733696534,21.77138240785544,Tomato,1
518,19.5581385888462,66.58094362494832,6.399183438326682,32.7335466533763,9.618180772344626,16.31938828297893,Tomato,0
519,27.48907704205274,77.28051707704387,10.486718545082772,42.10879781823096,6.934411699229965,20.649021206478533,Tomato,1
520,31.144684738119956,57.17059275848091,0.28797870362276917,27.774452091314355,5.4037609878348825,30.826757072705647,Tomato,1
521,18.149252401742938,78.7547591706572,5.554594020699165,52.683695093911936,14.421933531175858,13.960612088980742,Tomato,1
522,18.5615217214272,72.04662825278456,7.087267226338699,41.47053588872183,12.195811465445768,10.572664732065057,Grape,1
523,29.678921681601164,60.75279992573224,7.746123998350376,39.34389142957294,4.956541019807293,25.91132025032067,Tomato,0
524,22.043280066524698,68.46255956737721,6.7921618271272965,45.596042139582956,10.273777222378452,21.509882155820854,Grape,1
525,30.019106960332785,69.23736380227167,7.865075818538925,28.091466357658042,5.0292845811953875,26.81094288915398,Tomato,1
526,20.78732144053908,67.94767305994355,5.507624659394907,41.02144774428287,3.2612614253507033,13.878285358621007,Grape,1
527,30.27522788135356,98.57011863401524,1.5038082917541722,43.20304998141731,12.135237765595905,25.523088688712015,Olive,1
528,23.65742908402726,70.5233099653818,3.167921226209148,14.141064899207002,1.1836014974103772,21.335141303052296,Tomato,1
529,24.291144116613477,68.34155834733994,11.47214514455127,22.906061036057498,11.707423654306165,21.661629730971526,Tomato,0
530,30.82359010834952,40.538235635847876,10.616414290808418,18.590396576628795,6.989110749707766,27.942990650649147,Olive,0
531,21.191147612779144,58.58688972030784,6.9945672531439955,36.20954000539437,7.153813587677885,16.468751844671154,Grape,0
532,18.29438952037521,68.0538986331547,8.217054667696134,38.1082946417989,9.639004878493159,11.617997254497903,Grape,1
533,20.75717895985823,61.71220985735036,9.78233979011893,37.07129992530812,10.32479524797701,14.652332934259888,Tomato,1
534,25.261669753215692,92.72561390066696,6.93708864876731,62.883745035807515,4.694627292684367,20.349645388997434,Tomato,1
535,15.171204639097429,69.52593336905672,11.254258423649508,30.13735983611663,10.870902435000254,13.834494159212396,Grape,1
536,26.187354513255606,91.32666373977378,11.004971727205774,49.68150923119303,8.453482152100893,24.84321954124249,Olive,1
537,20.306143411911282,72.92556951075552,23.046400898215587,53.68911118092298,2.9757808285278475,15.239639369483756,Tomato,1
538,28.73906330366782,72.55841754632365,3.2810582649800395,29.385949575522996,7.320502065681043,27.430005499533607,Grape,0
539,11.028698475497642,70.66805328431249,3.3315561415048904,34.69248285180806,13.525116062235703,7.479832517634851,Grape,0
540,19.067171124479156,72.05694377432188,6.571279854798153,24.883053909608613,14.706379192982787,14.458870232106802,Tomato,1
541,14.56765924382949,97.7819250457479,16.86532480749852,68.7733758547856,10.86939383043471,12.842847234554869,Tomato,1
542,18.86885266818024,37.20583909873173,11.852090129356313,20.771383277670864,3.2386260473265196,16.917377336897964,Tomato,0
543,24.238329505544716,41.97681383341982,8.932186098564344,42.28651642211842,9.962427609823553,20.426571634680354,Tomato,0
544,22.103866872751226,63.85243753415829,12.395569820926859,38.390258155773076,11.403443615436771,17.09656629770312,Grape,1
545,21.733112155259924,72.21791822906353,7.1781128147686015,46.46498197808694,10.90283193327489,15.61007461443241,Tomato,1
546,22.204075643099696,82.35156637146018,3.9645216669639325,39.803399248798996,11.139817154751672,16.989968773558594,Tomato,1
547,24.016941203099716,79.09630797041213,19.606303593054307,51.03243080304466,9.453052316990123,19.869628013115328,Grape,1
548,17.957319790284462,66.23631130679145,6.806883479353232,30.579612205762675,7.710350644677825,15.44970929739856,Grape,1
549,26.534248204495253,87.28565539862643,10.843955526205168,48.90670078527625,5.566530016383926,24.67606219618429,Grape,1
550,26.31332985192742,87.45293104729096,0.2844706213443423,42.125385023668784,0.40825792599401467,23.335084028585715,Grape,1
551,24.925189688280504,74.76086746907349,0.38909251299137154,27.679596300154735,9.358567066853404,20.105318518319372,Tomato,1
552,25.782667213756316,86.43986358730263,5.685509803673162,42.44599113034564,8.744211374608755,21.10941980050163,Grape,1
553,24.482090004043297,76.08967895148193,2.256758198554613,31.164971158553648,10.230303371299264,24.68189397549354,Tomato,0
554,33.175366513655334,63.577754598256746,6.079416142753766,51.870835040337255,2.6498252268284235,30.74672057019034,Tomato,1
555,22.56452914473745,82.46725258500007,3.327661514390552,39.05454671546953,10.58006675726024,16.155514041525137,Tomato,1
556,21.464583908327118,73.65919683868016,25.20110669783238,65.66938114924446,16.21818037848311,17.30615381271884,Grape,1
557,19.23236209821311,72.0200977013173,10.26562778181274,39.056567544581476,8.313800523111645,18.06637992441908,Grape,1
558,17.838686647110816,94.09430358284362,13.197445432536565,54.97469409058815,7.753338723173837,9.127044283914513,Tomato,1
559,16.777641061994622,35.2369180718987,0.5173373906904499,5.699570471744622,9.236009424342804,12.835524526624152,Olive,0
560,18.556013433845408,50.734737447606456,8.848787575193374,26.333081176634686,16.12934809884135,13.787345515218592,Olive,0
561,22.646598091739644,54.193943604384444,4.347570412288137,29.549608318117482,3.9054089532004364,17.847548579649377,Tomato,1
562,24.671475642488573,66.55109028646791,13.365080386612558,53.32808558587954,8.81282773357562,21.406666574808945,Grape,1
563,23.25571029276081,68.18087745350955,7.971715573652331,38.83462953441134,4.801370310809423,20.710857656403597,Tomato,1
564,19.172323612851436,49.390115283404285,4.857117323807291,37.18100862612175,5.81198111662002,10.928973642719555,Olive,0
565,27.500922820099817,57.2226295153376,1.6711805259799535,32.21296058430924,7.801638768472243,21.494511080864314,Tomato,1
566,26.69706336150474,59.087374822146444,5.604077009422553,44.09179099322143,13.389292966454235,21.053188959287386,Tomato,0
567,22.201758462889917,100.0,11.297976180041804,53.566043205593,15.203962402754946,17.049180079453496,Tomato,1
568,19.73541927667644,99.0261292162072,13.878539623352964,74.78637153119004,9.792568578506826,17.74205405739981,Tomato,1
569,25.742139604148996,65.82375873473026,3.756011842324796,28.74233128117547,6.493621107906058,19.187079220668448,Grape,1
570,23.939867937430524,66.54625064539802,22.613497636849335,41.90491622632723,17.970955466554074,21.62613325345402,Grape,0
571,15.759363702924762,54.76194004217559,10.709178377502962,23.52979292346911,6.289782074681919,11.192790106623471,Tomato,1
572,22.660098720077976,43.378043801621,2.300130261648419,40.00842129251275,5.715456342561051,21.938878531007113,Grape,0
573,24.310179060371905,70.24679720387213,1.8338515148153767,39.63372053453794,0.9002278216850925,24.391896761666942,Olive,0
574,18.50152606756123,57.032220251339616,4.568510753272042,26.646341848677995,13.584366276978974,13.864943662255001,Grape,0
575,23.949216964187215,70.72724202506986,3.7482327613536874,44.818026695352344,11.872982369485175,21.56741549857703,Grape,1
576,15.725887573711054,47.99691226434784,7.219217867783886,32.87552229412589,17.671222144465784,15.704222716305601,Tomato,0
577,29.680930500060853,60.57038312534613,5.16693332015149,47.119238833531675,2.4419065911274966,24.5997114941667,Tomato,0
578,29.239749925297158,74.22940642954246,4.013098136803041,24.23104874081725,13.832683229916437,20.99958838319558,Olive,0
579,21.737413328485175,77.49314396675906,1.1029266933486261,33.631375273206444,8.28054207346451,14.958292811325052,Grape,0
580,24.817271689195366,78.26207938113022,8.144722269560347,38.033542465614275,11.224400867200545,21.33190745972671,Grape,1
581,10.950390171000626,52.19266523764444,0.9989966459161702,8.496435262404122,1.4088914355821158,6.9326995576067345,Olive,0
582,17.218261698673338,84.82028595203343,10.7329903741575,55.2381386159786,13.87232729066119,11.442849185105512,Tomato,0
583,21.53110539923935,59.99682455097225,0.6017147268039951,25.316770382953845,11.146067005327321,15.286849359569537,Grape,0
584,17.639334892865705,81.4928687191096,0.9328967075640267,43.33515792954304,7.84435986085513,14.326406330517102,Tomato,1
585,26.571982413153293,71.8404198507271,2.2903025758011055,53.03860646810497,10.580450750644486,22.503626981704144,Tomato,1
586,32.98648265373997,51.35418751383078,3.47634696345031,23.064512417363233,4.938018795831003,28.3852530402109,Grape,1
587,17.11692640285349,67.25703443128218,2.896986691278238,29.214030985842328,5.682239657673202,12.009173762295827,Tomato,0
588,18.812682979574035,77.48045613095651,3.463719548850996,38.58649425580319,6.146221545498415,15.078835863596568,Olive,0
589,24.17724184154965,81.19448070711898,6.169950512148192,49.371455551789374,0.5890885532388879,20.41741233168714,Tomato,1
590,31.055580742498105,69.88518153833373,2.3401959933069425,28.786784284414534,11.447033976813469,24.29591608298933,Olive,1
591,16.888128437300484,94.9766833590158,6.212645568582763,42.66193118936628,12.766374456730265,10.469087032414711,Grape,1
592,24.24518061153471,87.11266156479839,0.29093167236990425,47.89095720398612,5.194623400944634,19.290359464662533,Grape,1
593,32.106494254065545,68.15018825400371,2.25921369542111,35.50407026134284,9.392812063779274,24.66827611401969,Olive,1
594,14.741204259103664,83.25182718205417,0.8797013034001959,21.809257170605974,6.937838101483055,11.514095783556499,Tomato,0
595,16.59465396577084,100.0,10.648623829342515,43.715764667721146,9.313095848324123,9.348707068512077,Tomato,1
596,20.88196696769581,100.0,2.6341076440763485,59.117173025878756,5.489691035155883,15.79693608062471,Tomato,1
597,20.397057935722945,53.58000178766254,7.786556121522901,33.55567196629696,4.466299375649457,9.855005691293766,Tomato,1
598,27.063006438768223,58.10200333264274,0.7007786012343817,20.608956932378746,12.20829954409497,25.447970292333178,Olive,0
599,24.20829859910419,94.27378180100777,13.725293368687812,52.04015924752389,7.74451765950203,21.586989103538873,Grape,1
600,14.125189701789358,56.12578423743544,5.40120325714783,29.683458894977576,16.0884358034139,9.287594045388262,Tomato,1
